create table countries
(
   country_id char(2),
   country_name varchar(40),
   region_id numeric,

   constraint country_c_id_pk primary key (country_id)
);

create table departments
(
   department_id numeric(4, 0),
   department_name varchar(30),
   manager_id numeric(6, 0),
   location_id numeric(4, 0)
);

create table employees
(
   employee_id numeric(6, 0),
   first_name varchar(20),
   last_name varchar(25),
   email varchar(25),
   phone_number varchar(20),
   hire_date date,
   job_id varchar(10),
   salary numeric(8, 2),
   commission_pct numeric(2, 2),
   manager_id numeric(6, 0),
   department_id numeric(4, 0)
);

create table jobs
(
   job_id varchar(10),
   job_title varchar(35),
   min_salary numeric(6, 0),
   max_salary numeric(6, 0)
);

create table job_history
(
   employee_id numeric(6, 0),
   start_date date,
   end_date date,
   job_id varchar(10),
   department_id numeric(4, 0)
);

create table locations
(
   location_id numeric(4, 0),
   street_address varchar(40),
   postal_code varchar(12),
   city varchar(30),
   state_province varchar(25),
   country_id char(2)
);

create table regions
(
 region_id numeric,
 region_name varchar(25)
);

insert into countries (country_id, country_name, region_id) values
    ('AR' , 'Argentina'                , 2),
    ('AU' , 'Australia'                , 3),
    ('BE' , 'Belgium'                  , 1),
    ('BR' , 'Brazil'                   , 2),
    ('CA' , 'Canada'                   , 2),
    ('CH' , 'Switzerland'              , 1),
    ('CN' , 'China'                    , 3),
    ('DE' , 'Germany'                  , 1),
    ('DK' , 'Denmark'                  , 1),
    ('EG' , 'Egypt'                    , 4),
    ('FR' , 'France'                   , 1),
    ('HK' , 'HongKong'                 , 3),
    ('IL' , 'Israel'                   , 4),
    ('IN' , 'India'                    , 3),
    ('IT' , 'Italy'                    , 1),
    ('JP' , 'Japan'                    , 3),
    ('KW' , 'Kuwait'                   , 4),
    ('MX' , 'Mexico'                   , 2),
    ('NG' , 'Nigeria'                  , 4),
    ('NL' , 'Netherlands'              , 1),
    ('SG' , 'Singapore'                , 3),
    ('UK' , 'United Kingdom'           , 1),
    ('US' , 'United States of America' , 2),
    ('ZM' , 'Zambia'                   , 4),
    ('ZW' , 'Zimbabwe'                 , 4);

insert into departments (department_id, department_name, manager_id, location_id) values
    (10  , 'Administration'       , 200  , 1700),
    (20  , 'Marketing'            , 201  , 1800),
    (30  , 'Purchasing'           , 114  , 1700),
    (40  , 'Human Resources'      , 203  , 2400),
    (50  , 'Shipping'             , 121  , 1500),
    (60  , 'IT'                   , 103  , 1400),
    (70  , 'Public Relations'     , 204  , 2700),
    (80  , 'Sales'                , 145  , 2500),
    (90  , 'Executive'            , 100  , 1700),
    (100 , 'Finance'              , 108  , 1700),
    (110 , 'Accounting'           , 205  , 1700),
    (120 , 'Treasury'             , null , 1700),
    (130 , 'Corporate Tax'        , null , 1700),
    (140 , 'Control And Credit'   , null , 1700),
    (150 , 'Shareholder Services' , null , 1700),
    (160 , 'Benefits'             , null , 1700),
    (170 , 'Manufacturing'        , null , 1700),
    (180 , 'Construction'         , null , 1700),
    (190 , 'Contracting'          , null , 1700),
    (200 , 'Operations'           , null , 1700),
    (210 , 'IT Support'           , null , 1700),
    (220 , 'NOC'                  , null , 1700),
    (230 , 'IT Helpdesk'          , null , 1700),
    (240 , 'Government Sales'     , null , 1700),
    (250 , 'Retail Sales'         , null , 1700),
    (260 , 'Recruiting'           , null , 1700),
    (270 , 'Payroll'              , null , 1700);

insert into employees (employee_id, first_name, last_name, email, phone_number, hire_date, job_id, salary, commission_pct, manager_id, department_id) values
    (100 , 'Steven'      , 'King'        , 'SKING'    , '515.123.4567'       , to_date('17-JUN-87' , 'DD-MON-RR') , 'AD_PRES'    , 24000 , null , null , 90),
    (101 , 'Neena'       , 'Kochhar'     , 'NKOCHHAR' , '515.123.4568'       , to_date('21-SEP-89' , 'DD-MON-RR') , 'AD_VP'      , 17000 , null , 100  , 90),
    (102 , 'Lex'         , 'De Haan'     , 'LDEHAAN'  , '515.123.4569'       , to_date('13-JAN-93' , 'DD-MON-RR') , 'AD_VP'      , 17000 , null , 100  , 90),
    (103 , 'Alexander'   , 'Hunold'      , 'AHUNOLD'  , '590.423.4567'       , to_date('03-JAN-90' , 'DD-MON-RR') , 'IT_PROG'    , 9000  , null , 102  , 60),
    (104 , 'Bruce'       , 'Ernst'       , 'BERNST'   , '590.423.4568'       , to_date('21-MAY-91' , 'DD-MON-RR') , 'IT_PROG'    , 6000  , null , 103  , 60),
    (105 , 'David'       , 'Austin'      , 'DAUSTIN'  , '590.423.4569'       , to_date('25-JUN-97' , 'DD-MON-RR') , 'IT_PROG'    , 4800  , null , 103  , 60),
    (106 , 'Valli'       , 'Pataballa'   , 'VPATABAL' , '590.423.4560'       , to_date('05-FEB-98' , 'DD-MON-RR') , 'IT_PROG'    , 4800  , null , 103  , 60),
    (107 , 'Diana'       , 'Lorentz'     , 'DLORENTZ' , '590.423.5567'       , to_date('07-FEB-99' , 'DD-MON-RR') , 'IT_PROG'    , 4200  , null , 103  , 60),
    (108 , 'Nancy'       , 'Greenberg'   , 'NGREENBE' , '515.124.4569'       , to_date('17-AUG-94' , 'DD-MON-RR') , 'FI_MGR'     , 12000 , null , 101  , 100),
    (109 , 'Daniel'      , 'Faviet'      , 'DFAVIET'  , '515.124.4169'       , to_date('16-AUG-94' , 'DD-MON-RR') , 'FI_ACCOUNT' , 9000  , null , 108  , 100),
    (110 , 'John'        , 'Chen'        , 'JCHEN'    , '515.124.4269'       , to_date('28-SEP-97' , 'DD-MON-RR') , 'FI_ACCOUNT' , 8200  , null , 108  , 100),
    (111 , 'Ismael'      , 'Sciarra'     , 'ISCIARRA' , '515.124.4369'       , to_date('30-SEP-97' , 'DD-MON-RR') , 'FI_ACCOUNT' , 7700  , null , 108  , 100),
    (112 , 'Jose Manuel' , 'Urman'       , 'JMURMAN'  , '515.124.4469'       , to_date('07-MAR-98' , 'DD-MON-RR') , 'FI_ACCOUNT' , 7800  , null , 108  , 100),
    (113 , 'Luis'        , 'Popp'        , 'LPOPP'    , '515.124.4567'       , to_date('07-DEC-99' , 'DD-MON-RR') , 'FI_ACCOUNT' , 6900  , null , 108  , 100),
    (114 , 'Den'         , 'Raphaely'    , 'DRAPHEAL' , '515.127.4561'       , to_date('07-DEC-94' , 'DD-MON-RR') , 'PU_MAN'     , 11000 , null , 100  , 30),
    (115 , 'Alexander'   , 'Khoo'        , 'AKHOO'    , '515.127.4562'       , to_date('18-MAY-95' , 'DD-MON-RR') , 'PU_CLERK'   , 3100  , null , 114  , 30),
    (116 , 'Shelli'      , 'Baida'       , 'SBAIDA'   , '515.127.4563'       , to_date('24-DEC-97' , 'DD-MON-RR') , 'PU_CLERK'   , 2900  , null , 114  , 30),
    (117 , 'Sigal'       , 'Tobias'      , 'STOBIAS'  , '515.127.4564'       , to_date('24-JUL-97' , 'DD-MON-RR') , 'PU_CLERK'   , 2800  , null , 114  , 30),
    (118 , 'Guy'         , 'Himuro'      , 'GHIMURO'  , '515.127.4565'       , to_date('15-NOV-98' , 'DD-MON-RR') , 'PU_CLERK'   , 2600  , null , 114  , 30),
    (119 , 'Karen'       , 'Colmenares'  , 'KCOLMENA' , '515.127.4566'       , to_date('10-AUG-99' , 'DD-MON-RR') , 'PU_CLERK'   , 2500  , null , 114  , 30),
    (120 , 'Matthew'     , 'Weiss'       , 'MWEISS'   , '650.123.1234'       , to_date('18-JUL-96' , 'DD-MON-RR') , 'ST_MAN'     , 8000  , null , 100  , 50),
    (121 , 'Adam'        , 'Fripp'       , 'AFRIPP'   , '650.123.2234'       , to_date('10-APR-97' , 'DD-MON-RR') , 'ST_MAN'     , 8200  , null , 100  , 50),
    (122 , 'Payam'       , 'Kaufling'    , 'PKAUFLIN' , '650.123.3234'       , to_date('01-MAY-95' , 'DD-MON-RR') , 'ST_MAN'     , 7900  , null , 100  , 50),
    (123 , 'Shanta'      , 'Vollman'     , 'SVOLLMAN' , '650.123.4234'       , to_date('10-OCT-97' , 'DD-MON-RR') , 'ST_MAN'     , 6500  , null , 100  , 50),
    (124 , 'Kevin'       , 'Mourgos'     , 'KMOURGOS' , '650.123.5234'       , to_date('16-NOV-99' , 'DD-MON-RR') , 'ST_MAN'     , 5800  , null , 100  , 50),
    (125 , 'Julia'       , 'Nayer'       , 'JNAYER'   , '650.124.1214'       , to_date('16-JUL-97' , 'DD-MON-RR') , 'ST_CLERK'   , 3200  , null , 120  , 50),
    (126 , 'Irene'       , 'Mikkilineni' , 'IMIKKILI' , '650.124.1224'       , to_date('28-SEP-98' , 'DD-MON-RR') , 'ST_CLERK'   , 2700  , null , 120  , 50),
    (127 , 'James'       , 'Landry'      , 'JLANDRY'  , '650.124.1334'       , to_date('14-JAN-99' , 'DD-MON-RR') , 'ST_CLERK'   , 2400  , null , 120  , 50),
    (128 , 'Steven'      , 'Markle'      , 'SMARKLE'  , '650.124.1434'       , to_date('08-MAR-00' , 'DD-MON-RR') , 'ST_CLERK'   , 2200  , null , 120  , 50),
    (129 , 'Laura'       , 'Bissot'      , 'LBISSOT'  , '650.124.5234'       , to_date('20-AUG-97' , 'DD-MON-RR') , 'ST_CLERK'   , 3300  , null , 121  , 50),
    (130 , 'Mozhe'       , 'Atkinson'    , 'MATKINSO' , '650.124.6234'       , to_date('30-OCT-97' , 'DD-MON-RR') , 'ST_CLERK'   , 2800  , null , 121  , 50),
    (131 , 'James'       , 'Marlow'      , 'JAMRLOW'  , '650.124.7234'       , to_date('16-FEB-97' , 'DD-MON-RR') , 'ST_CLERK'   , 2500  , null , 121  , 50),
    (132 , 'TJ'          , 'Olson'       , 'TJOLSON'  , '650.124.8234'       , to_date('10-APR-99' , 'DD-MON-RR') , 'ST_CLERK'   , 2100  , null , 121  , 50),
    (133 , 'Jason'       , 'Mallin'      , 'JMALLIN'  , '650.127.1934'       , to_date('14-JUN-96' , 'DD-MON-RR') , 'ST_CLERK'   , 3300  , null , 122  , 50),
    (134 , 'Michael'     , 'Rogers'      , 'MROGERS'  , '650.127.1834'       , to_date('26-AUG-98' , 'DD-MON-RR') , 'ST_CLERK'   , 2900  , null , 122  , 50),
    (135 , 'Ki'          , 'Gee'         , 'KGEE'     , '650.127.1734'       , to_date('12-DEC-99' , 'DD-MON-RR') , 'ST_CLERK'   , 2400  , null , 122  , 50),
    (136 , 'Hazel'       , 'Philtanker'  , 'HPHILTAN' , '650.127.1634'       , to_date('06-FEB-00' , 'DD-MON-RR') , 'ST_CLERK'   , 2200  , null , 122  , 50),
    (137 , 'Renske'      , 'Ladwig'      , 'RLADWIG'  , '650.121.1234'       , to_date('14-JUL-95' , 'DD-MON-RR') , 'ST_CLERK'   , 3600  , null , 123  , 50),
    (138 , 'Stephen'     , 'Stiles'      , 'SSTILES'  , '650.121.2034'       , to_date('26-OCT-97' , 'DD-MON-RR') , 'ST_CLERK'   , 3200  , null , 123  , 50),
    (139 , 'John'        , 'Seo'         , 'JSEO'     , '650.121.2019'       , to_date('12-FEB-98' , 'DD-MON-RR') , 'ST_CLERK'   , 2700  , null , 123  , 50),
    (140 , 'Joshua'      , 'Patel'       , 'JPATEL'   , '650.121.1834'       , to_date('06-APR-98' , 'DD-MON-RR') , 'ST_CLERK'   , 2500  , null , 123  , 50),
    (141 , 'Trenna'      , 'Rajs'        , 'TRAJS'    , '650.121.8009'       , to_date('17-OCT-95' , 'DD-MON-RR') , 'ST_CLERK'   , 3500  , null , 124  , 50),
    (142 , 'Curtis'      , 'Davies'      , 'CDAVIES'  , '650.121.2994'       , to_date('29-JAN-97' , 'DD-MON-RR') , 'ST_CLERK'   , 3100  , null , 124  , 50),
    (143 , 'Randall'     , 'Matos'       , 'RMATOS'   , '650.121.2874'       , to_date('15-MAR-98' , 'DD-MON-RR') , 'ST_CLERK'   , 2600  , null , 124  , 50),
    (144 , 'Peter'       , 'Vargas'      , 'PVARGAS'  , '650.121.2004'       , to_date('09-JUL-98' , 'DD-MON-RR') , 'ST_CLERK'   , 2500  , null , 124  , 50),
    (145 , 'John'        , 'Russell'     , 'JRUSSEL'  , '011.44.1344.429268' , to_date('01-OCT-96' , 'DD-MON-RR') , 'SA_MAN'     , 14000 , 0.4  , 100  , 80),
    (146 , 'Karen'       , 'Partners'    , 'KPARTNER' , '011.44.1344.467268' , to_date('05-JAN-97' , 'DD-MON-RR') , 'SA_MAN'     , 13500 , 0.3  , 100  , 80),
    (147 , 'Alberto'     , 'Errazuriz'   , 'AERRAZUR' , '011.44.1344.429278' , to_date('10-MAR-97' , 'DD-MON-RR') , 'SA_MAN'     , 12000 , 0.3  , 100  , 80),
    (148 , 'Gerald'      , 'Cambrault'   , 'GCAMBRAU' , '011.44.1344.619268' , to_date('15-OCT-99' , 'DD-MON-RR') , 'SA_MAN'     , 11000 , 0.3  , 100  , 80),
    (149 , 'Eleni'       , 'Zlotkey'     , 'EZLOTKEY' , '011.44.1344.429018' , to_date('29-JAN-00' , 'DD-MON-RR') , 'SA_MAN'     , 10500 , 0.2  , 100  , 80),
    (150 , 'Peter'       , 'Tucker'      , 'PTUCKER'  , '011.44.1344.129268' , to_date('30-JAN-97' , 'DD-MON-RR') , 'SA_REP'     , 10000 , 0.3  , 145  , 80),
    (151 , 'David'       , 'Bernstein'   , 'DBERNSTE' , '011.44.1344.345268' , to_date('24-MAR-97' , 'DD-MON-RR') , 'SA_REP'     , 9500  , 0.25 , 145  , 80),
    (152 , 'Peter'       , 'Hall'        , 'PHALL'    , '011.44.1344.478968' , to_date('20-AUG-97' , 'DD-MON-RR') , 'SA_REP'     , 9000  , 0.25 , 145  , 80),
    (153 , 'Christopher' , 'Olsen'       , 'COLSEN'   , '011.44.1344.498718' , to_date('30-MAR-98' , 'DD-MON-RR') , 'SA_REP'     , 8000  , 0.2  , 145  , 80),
    (154 , 'Nanette'     , 'Cambrault'   , 'NCAMBRAU' , '011.44.1344.987668' , to_date('09-DEC-98' , 'DD-MON-RR') , 'SA_REP'     , 7500  , 0.2  , 145  , 80),
    (155 , 'Oliver'      , 'Tuvault'     , 'OTUVAULT' , '011.44.1344.486508' , to_date('23-NOV-99' , 'DD-MON-RR') , 'SA_REP'     , 7000  , 0.15 , 145  , 80),
    (156 , 'Janette'     , 'King'        , 'JKING'    , '011.44.1345.429268' , to_date('30-JAN-96' , 'DD-MON-RR') , 'SA_REP'     , 10000 , 0.35 , 146  , 80),
    (157 , 'Patrick'     , 'Sully'       , 'PSULLY'   , '011.44.1345.929268' , to_date('04-MAR-96' , 'DD-MON-RR') , 'SA_REP'     , 9500  , 0.35 , 146  , 80),
    (158 , 'Allan'       , 'McEwen'      , 'AMCEWEN'  , '011.44.1345.829268' , to_date('01-AUG-96' , 'DD-MON-RR') , 'SA_REP'     , 9000  , 0.35 , 146  , 80),
    (159 , 'Lindsey'     , 'Smith'       , 'LSMITH'   , '011.44.1345.729268' , to_date('10-MAR-97' , 'DD-MON-RR') , 'SA_REP'     , 8000  , 0.3  , 146  , 80),
    (160 , 'Louise'      , 'Doran'       , 'LDORAN'   , '011.44.1345.629268' , to_date('15-DEC-97' , 'DD-MON-RR') , 'SA_REP'     , 7500  , 0.3  , 146  , 80),
    (161 , 'Sarath'      , 'Sewall'      , 'SSEWALL'  , '011.44.1345.529268' , to_date('03-NOV-98' , 'DD-MON-RR') , 'SA_REP'     , 7000  , 0.25 , 146  , 80),
    (162 , 'Clara'       , 'Vishney'     , 'CVISHNEY' , '011.44.1346.129268' , to_date('11-NOV-97' , 'DD-MON-RR') , 'SA_REP'     , 10500 , 0.25 , 147  , 80),
    (163 , 'Danielle'    , 'Greene'      , 'DGREENE'  , '011.44.1346.229268' , to_date('19-MAR-99' , 'DD-MON-RR') , 'SA_REP'     , 9500  , 0.15 , 147  , 80),
    (164 , 'Mattea'      , 'Marvins'     , 'MMARVINS' , '011.44.1346.329268' , to_date('24-JAN-00' , 'DD-MON-RR') , 'SA_REP'     , 7200  , 0.1  , 147  , 80),
    (165 , 'David'       , 'Lee'         , 'DLEE'     , '011.44.1346.529268' , to_date('23-FEB-00' , 'DD-MON-RR') , 'SA_REP'     , 6800  , 0.1  , 147  , 80),
    (166 , 'Sundar'      , 'Ande'        , 'SANDE'    , '011.44.1346.629268' , to_date('24-MAR-00' , 'DD-MON-RR') , 'SA_REP'     , 6400  , 0.1  , 147  , 80),
    (167 , 'Amit'        , 'Banda'       , 'ABANDA'   , '011.44.1346.729268' , to_date('21-APR-00' , 'DD-MON-RR') , 'SA_REP'     , 6200  , 0.1  , 147  , 80),
    (168 , 'Lisa'        , 'Ozer'        , 'LOZER'    , '011.44.1343.929268' , to_date('11-MAR-97' , 'DD-MON-RR') , 'SA_REP'     , 11500 , 0.25 , 148  , 80),
    (169 , 'Harrison'    , 'Bloom'       , 'HBLOOM'   , '011.44.1343.829268' , to_date('23-MAR-98' , 'DD-MON-RR') , 'SA_REP'     , 10000 , 0.2  , 148  , 80),
    (170 , 'Tayler'      , 'Fox'         , 'TFOX'     , '011.44.1343.729268' , to_date('24-JAN-98' , 'DD-MON-RR') , 'SA_REP'     , 9600  , 0.2  , 148  , 80),
    (171 , 'William'     , 'Smith'       , 'WSMITH'   , '011.44.1343.629268' , to_date('23-FEB-99' , 'DD-MON-RR') , 'SA_REP'     , 7400  , 0.15 , 148  , 80),
    (172 , 'Elizabeth'   , 'Bates'       , 'EBATES'   , '011.44.1343.529268' , to_date('24-MAR-99' , 'DD-MON-RR') , 'SA_REP'     , 7300  , 0.15 , 148  , 80),
    (173 , 'Sundita'     , 'Kumar'       , 'SKUMAR'   , '011.44.1343.329268' , to_date('21-APR-00' , 'DD-MON-RR') , 'SA_REP'     , 6100  , 0.1  , 148  , 80),
    (174 , 'Ellen'       , 'Abel'        , 'EABEL'    , '011.44.1644.429267' , to_date('11-MAY-96' , 'DD-MON-RR') , 'SA_REP'     , 11000 , 0.3  , 149  , 80),
    (175 , 'Alyssa'      , 'Hutton'      , 'AHUTTON'  , '011.44.1644.429266' , to_date('19-MAR-97' , 'DD-MON-RR') , 'SA_REP'     , 8800  , 0.25 , 149  , 80),
    (176 , 'Jonathon'    , 'Taylor'      , 'JTAYLOR'  , '011.44.1644.429265' , to_date('24-MAR-98' , 'DD-MON-RR') , 'SA_REP'     , 8600  , 0.2  , 149  , 80),
    (177 , 'Jack'        , 'Livingston'  , 'JLIVINGS' , '011.44.1644.429264' , to_date('23-APR-98' , 'DD-MON-RR') , 'SA_REP'     , 8400  , 0.2  , 149  , 80),
    (178 , 'Kimberely'   , 'Grant'       , 'KGRANT'   , '011.44.1644.429263' , to_date('24-MAY-99' , 'DD-MON-RR') , 'SA_REP'     , 7000  , 0.15 , 149  , null),
    (179 , 'Charles'     , 'Johnson'     , 'CJOHNSON' , '011.44.1644.429262' , to_date('04-JAN-00' , 'DD-MON-RR') , 'SA_REP'     , 6200  , 0.1  , 149  , 80),
    (180 , 'Winston'     , 'Taylor'      , 'WTAYLOR'  , '650.507.9876'       , to_date('24-JAN-98' , 'DD-MON-RR') , 'SH_CLERK'   , 3200  , null , 120  , 50),
    (181 , 'Jean'        , 'Fleaur'      , 'JFLEAUR'  , '650.507.9877'       , to_date('23-FEB-98' , 'DD-MON-RR') , 'SH_CLERK'   , 3100  , null , 120  , 50),
    (182 , 'Martha'      , 'Sullivan'    , 'MSULLIVA' , '650.507.9878'       , to_date('21-JUN-99' , 'DD-MON-RR') , 'SH_CLERK'   , 2500  , null , 120  , 50),
    (183 , 'Girard'      , 'Geoni'       , 'GGEONI'   , '650.507.9879'       , to_date('03-FEB-00' , 'DD-MON-RR') , 'SH_CLERK'   , 2800  , null , 120  , 50),
    (184 , 'Nandita'     , 'Sarchand'    , 'NSARCHAN' , '650.509.1876'       , to_date('27-JAN-96' , 'DD-MON-RR') , 'SH_CLERK'   , 4200  , null , 121  , 50),
    (185 , 'Alexis'      , 'Bull'        , 'ABULL'    , '650.509.2876'       , to_date('20-FEB-97' , 'DD-MON-RR') , 'SH_CLERK'   , 4100  , null , 121  , 50),
    (186 , 'Julia'       , 'Dellinger'   , 'JDELLING' , '650.509.3876'       , to_date('24-JUN-98' , 'DD-MON-RR') , 'SH_CLERK'   , 3400  , null , 121  , 50),
    (187 , 'Anthony'     , 'Cabrio'      , 'ACABRIO'  , '650.509.4876'       , to_date('07-FEB-99' , 'DD-MON-RR') , 'SH_CLERK'   , 3000  , null , 121  , 50),
    (188 , 'Kelly'       , 'Chung'       , 'KCHUNG'   , '650.505.1876'       , to_date('14-JUN-97' , 'DD-MON-RR') , 'SH_CLERK'   , 3800  , null , 122  , 50),
    (189 , 'Jennifer'    , 'Dilly'       , 'JDILLY'   , '650.505.2876'       , to_date('13-AUG-97' , 'DD-MON-RR') , 'SH_CLERK'   , 3600  , null , 122  , 50),
    (190 , 'Timothy'     , 'Gates'       , 'TGATES'   , '650.505.3876'       , to_date('11-JUL-98' , 'DD-MON-RR') , 'SH_CLERK'   , 2900  , null , 122  , 50),
    (191 , 'Randall'     , 'Perkins'     , 'RPERKINS' , '650.505.4876'       , to_date('19-DEC-99' , 'DD-MON-RR') , 'SH_CLERK'   , 2500  , null , 122  , 50),
    (192 , 'Sarah'       , 'Bell'        , 'SBELL'    , '650.501.1876'       , to_date('04-FEB-96' , 'DD-MON-RR') , 'SH_CLERK'   , 4000  , null , 123  , 50),
    (193 , 'Britney'     , 'Everett'     , 'BEVERETT' , '650.501.2876'       , to_date('03-MAR-97' , 'DD-MON-RR') , 'SH_CLERK'   , 3900  , null , 123  , 50),
    (194 , 'Samuel'      , 'McCain'      , 'SMCCAIN'  , '650.501.3876'       , to_date('01-JUL-98' , 'DD-MON-RR') , 'SH_CLERK'   , 3200  , null , 123  , 50),
    (195 , 'Vance'       , 'Jones'       , 'VJONES'   , '650.501.4876'       , to_date('17-MAR-99' , 'DD-MON-RR') , 'SH_CLERK'   , 2800  , null , 123  , 50),
    (196 , 'Alana'       , 'Walsh'       , 'AWALSH'   , '650.507.9811'       , to_date('24-APR-98' , 'DD-MON-RR') , 'SH_CLERK'   , 3100  , null , 124  , 50),
    (197 , 'Kevin'       , 'Feeney'      , 'KFEENEY'  , '650.507.9822'       , to_date('23-MAY-98' , 'DD-MON-RR') , 'SH_CLERK'   , 3000  , null , 124  , 50),
    (198 , 'Donald'      , 'OConnell'    , 'DOCONNEL' , '650.507.9833'       , to_date('21-JUN-99' , 'DD-MON-RR') , 'SH_CLERK'   , 2600  , null , 124  , 50),
    (199 , 'Douglas'     , 'Grant'       , 'DGRANT'   , '650.507.9844'       , to_date('13-JAN-00' , 'DD-MON-RR') , 'SH_CLERK'   , 2600  , null , 124  , 50),
    (200 , 'Jennifer'    , 'Whalen'      , 'JWHALEN'  , '515.123.4444'       , to_date('17-SEP-87' , 'DD-MON-RR') , 'AD_ASST'    , 4400  , null , 101  , 10),
    (201 , 'Michael'     , 'Hartstein'   , 'MHARTSTE' , '515.123.5555'       , to_date('17-FEB-96' , 'DD-MON-RR') , 'MK_MAN'     , 13000 , null , 100  , 20),
    (202 , 'Pat'         , 'Fay'         , 'PFAY'     , '603.123.6666'       , to_date('17-AUG-97' , 'DD-MON-RR') , 'MK_REP'     , 6000  , null , 201  , 20),
    (203 , 'Susan'       , 'Mavris'      , 'SMAVRIS'  , '515.123.7777'       , to_date('07-JUN-94' , 'DD-MON-RR') , 'HR_REP'     , 6500  , null , 101  , 40),
    (204 , 'Hermann'     , 'Baer'        , 'HBAER'    , '515.123.8888'       , to_date('07-JUN-94' , 'DD-MON-RR') , 'PR_REP'     , 10000 , null , 101  , 70),
    (205 , 'Shelley'     , 'Higgins'     , 'SHIGGINS' , '515.123.8080'       , to_date('07-JUN-94' , 'DD-MON-RR') , 'AC_MGR'     , 12000 , null , 101  , 110),
    (206 , 'William'     , 'Gietz'       , 'WGIETZ'   , '515.123.8181'       , to_date('07-JUN-94' , 'DD-MON-RR') , 'AC_ACCOUNT' , 8300  , null , 205  , 110);

insert into jobs (job_id, job_title, min_salary, max_salary) values
    ('AD_PRES'    , 'President'                       , 20000 , 40000),
    ('AD_VP'      , 'Administration Vice President'   , 15000 , 30000),
    ('AD_ASST'    , 'Administration Assistant'        , 3000  , 6000),
    ('FI_MGR'     , 'Finance Manager'                 , 8200  , 16000),
    ('FI_ACCOUNT' , 'Accountant'                      , 4200  , 9000),
    ('AC_MGR'     , 'Accounting Manager'              , 8200  , 16000),
    ('AC_ACCOUNT' , 'Public Accountant'               , 4200  , 9000),
    ('SA_MAN'     , 'Sales Manager'                   , 10000 , 20000),
    ('SA_REP'     , 'Sales Representative'            , 6000  , 12000),
    ('PU_MAN'     , 'Purchasing Manager'              , 8000  , 15000),
    ('PU_CLERK'   , 'Purchasing Clerk'                , 2500  , 5500),
    ('ST_MAN'     , 'Stock Manager'                   , 5500  , 8500),
    ('ST_CLERK'   , 'Stock Clerk'                     , 2000  , 5000),
    ('SH_CLERK'   , 'Shipping Clerk'                  , 2500  , 5500),
    ('IT_PROG'    , 'Programmer'                      , 4000  , 10000),
    ('MK_MAN'     , 'Marketing Manager'               , 9000  , 15000),
    ('MK_REP'     , 'Marketing Representative'        , 4000  , 9000),
    ('HR_REP'     , 'Human Resources Representative'  , 4000  , 9000),
    ('PR_REP'     , 'Public Relations Representative' , 4500  , 10500);

insert into job_history (employee_id, start_date, end_date, job_id, department_id) values
    (102 , to_date('13-JAN-93' , 'DD-MON-RR') , to_date('24-JUL-98' , 'DD-MON-RR') , 'IT_PROG'    , 60),
    (101 , to_date('21-SEP-89' , 'DD-MON-RR') , to_date('27-OCT-93' , 'DD-MON-RR') , 'AC_ACCOUNT' , 110),
    (101 , to_date('28-OCT-93' , 'DD-MON-RR') , to_date('15-MAR-97' , 'DD-MON-RR') , 'AC_MGR'     , 110),
    (201 , to_date('17-FEB-96' , 'DD-MON-RR') , to_date('19-DEC-99' , 'DD-MON-RR') , 'MK_REP'     , 20),
    (114 , to_date('24-MAR-98' , 'DD-MON-RR') , to_date('31-DEC-99' , 'DD-MON-RR') , 'ST_CLERK'   , 50),
    (122 , to_date('01-JAN-99' , 'DD-MON-RR') , to_date('31-DEC-99' , 'DD-MON-RR') , 'ST_CLERK'   , 50),
    (200 , to_date('17-SEP-87' , 'DD-MON-RR') , to_date('17-JUN-93' , 'DD-MON-RR') , 'AD_ASST'    , 90),
    (176 , to_date('24-MAR-98' , 'DD-MON-RR') , to_date('31-DEC-98' , 'DD-MON-RR') , 'SA_REP'     , 80),
    (176 , to_date('01-JAN-99' , 'DD-MON-RR') , to_date('31-DEC-99' , 'DD-MON-RR') , 'SA_MAN'     , 80),
    (200 , to_date('01-JUL-94' , 'DD-MON-RR') , to_date('31-DEC-98' , 'DD-MON-RR') , 'AC_ACCOUNT' , 90);

insert into locations (location_id, street_address, postal_code, city, state_province, country_id) values
    (1000 , '1297 Via Cola di Rie'                     , '00989'       , 'Roma'                , null               , 'IT'),
    (1100 , '93091 Calle della Testa'                  , '10934'       , 'Venice'              , null               , 'IT'),
    (1200 , '2017 Shinjuku-ku'                         , '1689'        , 'Tokyo'               , 'Tokyo Prefecture' , 'JP'),
    (1300 , '9450 Kamiya-cho'                          , '6823'        , 'Hiroshima'           , null               , 'JP'),
    (1400 , '2014 Jabberwocky Rd'                      , '26192'       , 'Southlake'           , 'Texas'            , 'US'),
    (1500 , '2011 Interiors Blvd'                      , '99236'       , 'South San Francisco' , 'California'       , 'US'),
    (1600 , '2007 Zagora St'                           , '50090'       , 'South Brunswick'     , 'New Jersey'       , 'US'),
    (1700 , '2004 Charade Rd'                          , '98199'       , 'Seattle'             , 'Washington'       , 'US'),
    (1800 , '147 Spadina Ave'                          , 'M5V 2L7'     , 'Toronto'             , 'Ontario'          , 'CA'),
    (1900 , '6092 Boxwood St'                          , 'YSW 9T2'     , 'Whitehorse'          , 'Yukon'            , 'CA'),
    (2000 , '40-5-12 Laogianggen'                      , '190518'      , 'Beijing'             , null               , 'CN'),
    (2100 , '1298 Vileparle (E)'                       , '490231'      , 'Bombay'              , 'Maharashtra'      , 'IN'),
    (2200 , '12-98 Victoria Street'                    , '2901'        , 'Sydney'              , 'New South Wales'  , 'AU'),
    (2300 , '198 Clementi North'                       , '540198'      , 'Singapore'           , null               , 'SG'),
    (2400 , '8204 Arthur St'                           , null          , 'London'              , null               , 'UK'),
    (2500 , 'Magdalen Centre, The Oxford Science Park' , 'OX9 9ZB'     , 'Oxford'              , 'Oxford'           , 'UK'),
    (2600 , '9702 Chester Road'                        , '09629850293' , 'Stretford'           , 'Manchester'       , 'UK'),
    (2700 , 'Schwanthalerstr. 7031'                    , '80925'       , 'Munich'              , 'Bavaria'          , 'DE'),
    (2800 , 'Rua Frei Caneca 1360 '                    , '01307-002'   , 'Sao Paulo'           , 'Sao Paulo'        , 'BR'),
    (2900 , '20 Rue des Corps-Saints'                  , '1730'        , 'Geneva'              , 'Geneve'           , 'CH'),
    (3000 , 'Murtenstrasse 921'                        , '3095'        , 'Bern'                , 'BE'               , 'CH'),
    (3100 , 'Pieter Breughelstraat 837'                , '3029SK'      , 'Utrecht'             , 'Utrecht'          , 'NL'),
    (3200 , 'Mariano Escobedo 9991'                    , '11932'       , 'Mexico City'         , 'Distrito Federal,', 'MX');

insert into regions (region_id, region_name) values
    (1,'Europe'),
    (2,'Americs'),
    (3,'Asia'),
    (4,'Middle East and Africa');